Country,Density(P/Km2),Abbreviation,Agricultural Land( %),Land Area(Km2),Armed Forces size,Birth Rate,Calling Code,Capital/Major City,Co2-Emissions,CPI,CPI Change (%),Currency-Code,Fertility Rate,Forested Area (%),Gasoline Price,Gross primary education enrollment (%),Gross tertiary education enrollment (%),Infant mortality,Largest city,Life expectancy,Maternal mortality ratio,Minimum wage,Official language,Out of pocket health expenditure,Physicians per thousand,Population,Population: Labor force participation (%),Tax revenue (%),Total tax rate,Unemployment rate,Urban_population,Latitude,Longitude,iso_a3,Happiness Score 2019,Happiness Score 2018,Happiness Score 2017,Happiness Score 2016,Happiness Score 2015,Logged GDP per capita,Social support,Happiness Score 2020,GDP,Gini coefficient
Afghanistan,60,AF,58.10%,652230,323000.0,32.49,93,Kabul,8672.0,149.9,2.30%,AFN,4.47,2.10%,$0.70 ,104.00%,9.70%,47.9,Kabul,64.5,638.0,$0.43 ,Pashto,78.40%,0.28,38041754,48.90%,9.30%,71.40%,11.12%,9797273.0,33.93911,67.709953,AFG,3.203,3.632,3.79399991035461,3.36,3.575,7.462860584,0.470366955,2.566900015,"$19,101,353,833 ",
Albania,105,AL,43.10%,28748,9000.0,11.78,355,Tirana,4536.0,119.05,1.40%,ALL,1.62,28.10%,$1.36 ,107.00%,55.00%,7.8,Tirana,78.5,15.0,$1.12 ,Albanian,56.90%,1.2,2854191,55.70%,18.60%,36.60%,12.33%,1747593.0,41.153332,20.168331,ALB,4.719,4.586,4.64400005340576,4.655,4.959,9.417930603,0.671070457,4.882699966,"$15,278,077,447 ",0.2941963
Algeria,18,DZ,17.40%,2381741,317000.0,24.28,213,Algiers,150006.0,151.36,2.00%,DZD,3.02,0.80%,$0.28 ,109.90%,51.40%,20.1,Algiers,76.7,112.0,$0.95 ,Arabic,28.10%,1.72,43053054,41.20%,37.20%,66.10%,11.70%,31510100.0,28.033886,1.659626,DZA,5.211,5.295,5.87200021743774,6.355,5.605,9.537964821,0.803385139,5.005099773,"$169,988,236,398 ",0.27615732
Andorra,164,AD,40.00%,468,,7.2,376,Andorra la Vella,469.0,,,EUR,1.27,34.00%,$1.51 ,106.40%,,2.7,Andorra la Vella,,,$6.63 ,Catalan,36.40%,3.33,77142,,,,,67873.0,42.506285,1.521801,AND,,,,,,,,,"$3,154,057,987 ",
Angola,26,AO,47.50%,1246700,117000.0,40.73,244,Luanda,34693.0,261.73,17.10%,AOA,5.52,46.30%,$0.97 ,113.50%,9.30%,51.6,Luanda,60.8,241.0,$0.71 ,Portuguese,33.40%,0.21,31825295,77.50%,9.20%,49.10%,6.89%,21061025.0,-11.202692,17.873887,AGO,3.795,3.795,3.79500007629395,3.866,4.033,7.500389576,,3.795,"$94,635,415,870 ",0.5127211
Antigua and Barbuda,223,AG,20.50%,443,0.0,15.33,1,"St. John's, Saint John",557.0,113.81,1.20%,XCD,1.99,22.30%,$0.99 ,105.00%,24.80%,5.0,"St. John's, Saint John",76.9,42.0,$3.04 ,English,24.30%,2.76,97118,,16.50%,43.00%,,23800.0,17.060816,-61.796428,ATG,,,,,,,,,"$1,727,759,259 ",
Argentina,17,AR,54.30%,2780400,105000.0,17.02,54,Buenos Aires,201348.0,232.75,53.50%,ARS,2.26,9.80%,$1.10 ,109.70%,90.00%,8.8,Buenos Aires,76.5,39.0,$3.35 ,Spanish,17.60%,3.96,44938712,61.30%,10.10%,106.30%,9.79%,41339571.0,-38.416097,-63.616672,ARG,6.086,6.388,6.59899997711182,6.65,6.574,9.810955048,0.900567949,5.974699974,"$449,663,446,954 ",
Armenia,104,AM,58.90%,29743,49000.0,13.99,374,Yerevan,5156.0,129.18,1.40%,AMD,1.76,11.70%,$0.77 ,92.70%,54.60%,11.0,Yerevan,74.9,26.0,$0.66 ,Armenian,81.60%,4.4,2957731,55.60%,20.90%,22.60%,16.99%,1869848.0,40.069099,45.038189,ARM,4.559,4.321,4.37599992752075,4.36,4.35,9.100476265,0.757479429,4.676799774,"$13,672,802,158 ",0.27945295
Australia,3,AU,48.20%,7741220,58000.0,12.6,61,Canberra,375908.0,119.8,1.60%,AUD,1.74,16.30%,$0.93 ,100.30%,113.10%,3.1,Sydney,82.7,6.0,$13.59 ,,19.60%,3.68,25766605,65.50%,23.00%,47.40%,5.27%,21844756.0,-25.274398,133.775136,AUS,7.228,7.272,7.28399991989136,7.313,7.284,10.72059631,0.944854617,7.222799778,"$1,392,680,589,329 ",0.34333763
Austria,109,AT,32.40%,83871,21000.0,9.7,43,Vienna,61448.0,118.06,1.50%,EUR,1.47,46.90%,$1.20 ,103.10%,85.10%,2.9,Vienna,81.6,5.0,,German,17.90%,5.17,8877067,60.70%,25.40%,51.40%,4.67%,5194416.0,47.516231,14.550072,AUT,7.246,7.139,7.00600004196167,7.119,7.2,10.7428236,0.928045869,7.294199944,"$446,314,739,528 ",0.30702227
Azerbaijan,123,AZ,57.70%,86600,82000.0,14.0,994,Baku,37620.0,156.32,2.60%,AZN,1.73,14.10%,$0.56 ,99.70%,27.70%,19.2,Baku,72.9,26.0,$0.47 ,Azerbaijani language,78.60%,3.45,10023318,66.50%,13.00%,40.70%,5.51%,5616165.0,40.143105,47.576927,AZE,5.208,5.201,5.23400020599365,5.291,5.212,9.687726974,0.819308281,5.164800167,"$39,207,000,000 ",0.26554906
The Bahamas,39,BS,1.40%,13880,1000.0,13.97,1,"Nassau, Bahamas",1786.0,116.22,2.50%,,1.75,51.40%,$0.92 ,81.40%,15.10%,8.3,"Nassau, Bahamas",73.8,70.0,$5.25 ,English,27.80%,1.94,389482,74.60%,14.80%,33.80%,10.36%,323784.0,25.03428,-77.39628,BHS,,,,,,,,,"$12,827,000,000 ",
Bahrain,2239,BH,11.10%,765,19000.0,13.99,973,Manama,31694.0,117.59,2.10%,BHD,1.99,0.80%,$0.43 ,99.40%,50.50%,6.1,Riffa,77.2,14.0,,Arabic,25.10%,0.93,1501635,73.40%,4.20%,13.80%,0.71%,1467109.0,26.0667,50.5577,BHR,6.199,6.105,6.08699989318848,6.218,5.96,10.67638016,0.876342118,6.227300167,"$38,574,069,149 ",
Bangladesh,1265,BD,70.60%,148460,221000.0,18.18,880,Dhaka,84246.0,179.68,5.60%,BDT,2.04,11.00%,$1.12 ,116.50%,20.60%,25.1,Dhaka,72.3,173.0,$0.51 ,Bengali,71.80%,0.58,167310838,59.00%,8.80%,33.40%,4.19%,60987417.0,23.684994,90.356331,BGD,4.456,4.5,4.60799980163574,4.643,4.694,8.287063599,0.687292993,4.832799911,"$302,571,254,131 ",0.33373156
Barbados,668,BB,23.30%,430,1000.0,10.65,1,Bridgetown,1276.0,134.09,4.10%,BBD,1.62,14.70%,$1.81 ,99.40%,65.40%,11.3,Bridgetown,79.1,27.0,$3.13 ,English,45.20%,2.48,287025,65.20%,27.50%,35.60%,10.33%,89431.0,13.193887,-59.543198,BRB,,,,,,,,,"$5,209,000,000 ",
Belarus,47,BY,42.00%,207600,155000.0,9.9,375,Minsk,58280.0,,5.60%,BYN,1.45,42.60%,$0.60 ,100.50%,87.40%,2.6,Minsk,74.2,2.0,$1.49 ,Russian,34.50%,5.19,9466856,64.10%,14.70%,53.30%,4.59%,7482982.0,53.709807,27.953389,BLR,5.323,5.483,5.56899976730347,5.802,5.813,9.779945374,0.90674746,5.539899826,"$63,080,457,023 ",0.24383356
Belgium,383,BE,44.60%,30528,32000.0,10.3,32,City of Brussels,96889.0,117.11,1.40%,EUR,1.62,22.60%,$1.43 ,103.90%,79.70%,2.9,Brussels,81.6,5.0,$10.31 ,French,17.60%,3.07,11484055,53.60%,24.00%,55.40%,5.59%,11259082.0,50.503887,4.469936,BEL,6.923,6.927,6.89099979400635,6.929,6.937,10.6736393,0.911632538,6.863500118,"$529,606,710,418 ",0.26577732
Belize,17,BZ,7.00%,22966,2000.0,20.79,501,Belmopan,568.0,105.68,-0.90%,BZD,2.31,59.70%,$1.13 ,111.70%,24.70%,11.2,Belize City,74.5,36.0,$1.65 ,English,22.70%,1.12,390353,65.10%,26.30%,31.10%,6.41%,179039.0,17.189877,-88.49765,BLZ,,5.956,5.95599985122681,5.956,,,,,"$1,879,613,600 ",0.53262764
Benin,108,BJ,33.30%,112622,12000.0,36.22,229,Porto-Novo,6476.0,110.71,-0.90%,XOF,4.84,37.80%,$0.72 ,122.00%,12.30%,60.5,Cotonou,61.5,397.0,$0.39 ,French,40.50%,0.08,11801151,70.90%,10.80%,48.90%,2.23%,5648149.0,9.30769,2.315834,BEN,4.883,4.141,3.65700006484985,3.484,3.34,7.674319744,0.468671143,5.21600008,"$14,390,709,095 ",0.34395808
Bhutan,20,BT,13.60%,38394,6000.0,17.26,975,Thimphu,1261.0,167.18,2.70%,,1.98,72.50%,$0.98 ,100.10%,15.60%,24.8,Thimphu,71.5,183.0,$0.32 ,Dzongkha,19.80%,0.42,727145,66.70%,16.00%,35.30%,2.34%,317538.0,27.514162,90.433601,BTN,5.082,5.082,5.01100015640259,5.196,5.253,,,,"$2,446,674,101 ",0.2845992
Bolivia,11,BO,34.80%,1098581,71000.0,21.75,591,Sucre,21606.0,148.32,1.80%,BOB,2.73,50.30%,$0.71 ,98.20%,,21.8,Santa Cruz de la Sierra,71.2,155.0,$1.36 ,Spanish,25.90%,1.59,11513100,71.80%,17.00%,83.70%,3.50%,8033035.0,-16.290154,-63.588653,BOL,5.779,5.752,5.82299995422363,5.822,5.89,8.851115227,0.803108692,5.747499943,"$40,895,322,865 ",0.40913323
Bosnia and Herzegovina,64,BA,43.10%,51197,11000.0,8.11,387,Sarajevo,21848.0,104.9,0.60%,BAM,1.27,42.70%,$1.05 ,,23.30%,5.0,Tuzla Canton,77.3,10.0,$1.04 ,Bosnian,28.60%,2.16,3301000,46.40%,20.40%,23.70%,18.42%,1605144.0,43.915886,17.679076,BIH,5.386,5.129,5.18200016021729,5.163,4.949,9.455817223,0.829204142,5.674099922,"$20,047,848,435 ",0.33030185
Botswana,4,BW,45.60%,581730,9000.0,24.82,267,Gaborone,6340.0,149.75,2.80%,BWP,2.87,18.90%,$0.71 ,103.20%,24.90%,30.0,Gaborone,69.3,144.0,$0.29 ,English,5.30%,0.37,2346179,70.80%,19.50%,25.10%,18.19%,1616550.0,-22.328474,24.684866,BWA,3.488,3.59,3.76600003242493,3.974,4.332,9.711203575,0.779121757,3.478899956,"$18,340,510,789 ",0.5332503
Brazil,25,BR,33.90%,8515770,730000.0,13.92,55,Bras���,462299.0,167.4,3.70%,BRL,1.73,58.90%,$1.02 ,115.40%,51.30%,12.8,S����,75.7,60.0,$1.53 ,Portuguese,28.30%,2.15,212559417,63.90%,14.20%,65.10%,12.08%,183241641.0,-14.235004,-51.92528,BRA,6.3,6.419,6.63500022888184,6.952,6.983,9.56643486,0.896723807,6.375599861,"$1,839,758,040,766 ",0.52019185
Brunei,83,BN,2.70%,5765,8000.0,14.9,673,Bandar Seri Begawan,7664.0,99.03,-0.40%,BND,1.85,72.10%,$0.37 ,103.20%,31.40%,9.8,,75.7,31.0,,Malay,6.00%,1.61,433285,64.70%,,8.00%,9.12%,337711.0,4.535277,114.727669,BRN,,,,,,,,,"$13,469,422,941 ",
Bulgaria,64,BG,46.30%,110879,31000.0,8.9,359,Sofia,41708.0,114.42,3.10%,BGN,1.56,35.40%,$1.11 ,89.30%,71.00%,5.9,Sofia,74.9,10.0,$1.57 ,Bulgarian,47.70%,4.03,6975761,55.40%,20.20%,28.30%,4.34%,5256027.0,42.733883,25.48583,BGR,5.011,4.933,4.71400022506714,4.217,4.218,9.869318962,0.937840343,5.101500034,"$86,000,000,000 ",0.39005512
Burkina Faso,76,BF,44.20%,274200,11000.0,37.93,226,Ouagadougou,3418.0,106.58,-3.20%,XOF,5.19,19.30%,$0.98 ,96.10%,6.50%,49.0,Ouagadougou,61.2,320.0,$0.34 ,French,36.10%,0.08,20321378,66.40%,15.00%,41.30%,6.26%,6092349.0,12.238333,-1.561593,BFA,4.587,4.424,4.03200006484985,3.739,3.587,7.46854496,0.712943614,4.768700123,"$15,745,810,235 ",0.37391287
Burundi,463,BI,79.20%,27830,31000.0,39.01,257,Bujumbura,495.0,182.11,-0.70%,BIF,5.41,10.90%,$1.21 ,121.40%,6.10%,41.0,Bujumbura,61.2,548.0,,Kirundi,19.10%,0.1,11530580,79.20%,13.60%,41.20%,1.43%,1541177.0,-3.373056,29.918886,BDI,3.775,2.905,2.90499997138977,2.905,2.905,6.492642403,0.490325719,3.775300026,"$3,012,334,882 ",0.3745651
Ivory Coast,83,CI,64.80%,322463,27000.0,35.74,225,Yamoussoukro,9674.0,111.61,-0.90%,XOF,4.65,32.70%,$0.93 ,99.80%,9.30%,59.4,Abidjan,57.4,617.0,$0.36 ,French,36.00%,0.23,25716544,57.00%,11.80%,50.10%,3.32%,13176900.0,7.539989,-5.54708,,4.944,4.671,4.17999982833862,3.916,3.655,8.225561142,0.658048689,5.233300209,"$58,792,205,642 ",
Cape Verde,138,CV,19.60%,4033,1000.0,19.49,238,Praia,543.0,110.5,1.10%,CVE,2.27,22.50%,$1.02 ,104.00%,23.60%,16.7,Praia,72.8,58.0,$0.68 ,Portuguese,23.20%,0.77,483628,60.50%,20.10%,37.50%,12.25%,364029.0,16.5388,-23.0418,KHM,,,,,,,,,"$1,981,845,741 ",0.42381087
Cambodia,95,KH,30.90%,181035,191000.0,22.46,855,Phnom Penh,9919.0,127.63,2.50%,,2.5,52.90%,$0.90 ,107.40%,13.70%,24.0,Phnom Penh,69.6,160.0,,Khmer language,59.40%,0.17,16486542,82.30%,17.10%,23.10%,0.68%,3924621.0,12.565679,104.990963,KHM,4.7,4.433,4.16800022125244,3.907,3.819,8.249890327,0.773080647,4.848400116,"$27,089,389,787 ",
Cameroon,56,CM,20.60%,475440,24000.0,35.39,237,Yaound�,8291.0,118.65,2.50%,XAF,4.57,39.30%,$1.03 ,103.40%,12.80%,50.6,Douala,58.9,529.0,$0.35 ,French,69.70%,0.09,25876380,76.10%,12.80%,57.70%,3.38%,14741256.0,7.369722,12.354722,CMR,5.044,4.975,4.69500017166138,4.513,4.252,8.118647575,0.700386405,5.084899902,"$38,760,467,033 ",0.42176074
Canada,4,CA,6.90%,9984670,72000.0,10.1,1,Ottawa,544894.0,116.76,1.90%,CAD,1.5,38.20%,$0.81 ,100.90%,68.90%,4.3,Toronto,81.9,10.0,$9.51 ,French,14.60%,2.61,36991981,65.10%,12.80%,24.50%,5.56%,30628482.0,56.130366,-106.346771,CAN,7.278,7.328,7.31599998474121,7.404,7.427,10.69236851,0.927176654,7.23210001,"$1,736,425,629,520 ",0.31749648
Central African Republic,8,CF,8.20%,622984,8000.0,35.35,236,Bangui,297.0,186.86,37.10%,,4.72,35.60%,$1.41 ,102.00%,3.00%,84.5,Bangui,52.8,829.0,$0.37 ,French,39.60%,0.06,4745185,72.00%,8.60%,73.30%,3.68%,1982064.0,6.611111,20.939444,CAF,3.083,3.083,2.69300007820129,3.678,3.678,6.625160217,0.319459856,3.475899935,"$2,220,307,369 ",0.43046424
Chad,13,TD,39.70%,1284000,35000.0,42.17,235,N'Djamena,1016.0,117.7,-1.00%,XAF,5.75,3.80%,$0.78 ,86.80%,3.30%,71.4,N'Djamena,54.0,1140.0,$0.60 ,French,56.40%,0.04,15946876,70.70%,,63.50%,1.89%,3712273.0,15.454166,18.732207,TCD,4.35,4.301,3.93600010871887,3.763,3.667,7.467963696,0.632388055,4.422699928,"$11,314,951,343 ",0.37357685
Chile,26,CL,21.20%,756096,122000.0,12.43,56,Santiago,85822.0,131.91,2.60%,CLP,1.65,24.30%,$1.03 ,101.40%,88.50%,6.2,Santiago,80.0,13.0,$2.00 ,Spanish,32.20%,2.59,18952038,62.60%,18.20%,34.00%,7.09%,16610135.0,-35.675147,-71.542969,CHL,6.444,6.476,6.65199995040894,6.705,6.67,10.0320549,0.879713595,6.228499889,"$282,318,159,745 ",0.43044654
China,153,CN,56.20%,9596960,2695000.0,10.9,86,Beijing,9893038.0,125.08,2.90%,CNY,1.69,22.40%,$0.96 ,100.20%,50.60%,7.4,Shanghai,77.0,29.0,$0.87 ,Standard Chinese,32.40%,1.98,1397715000,68.00%,9.40%,59.20%,4.32%,842933962.0,35.86166,104.195397,CHN,5.191,5.246,5.27299976348877,5.245,5.14,9.688568115,0.798760593,5.123899937,"$19,910,000,000,000 ",0.37090832
Colombia,46,CO,40.30%,1138910,481000.0,14.88,57,Bogot�,97814.0,140.95,3.50%,COP,1.81,52.70%,$0.68 ,114.50%,55.30%,12.2,Bogot�,77.1,83.0,$1.23 ,Spanish,18.30%,2.18,50339443,68.80%,14.40%,71.20%,9.71%,40827302.0,4.570868,-74.297333,COL,6.125,6.26,6.35699987411499,6.481,6.477,9.500369072,0.884440243,6.163400173,"$323,802,808,108 ",0.5483124
Comoros,467,KM,71.50%,2235,,31.88,269,"Moroni, Comoros",202.0,103.62,-4.30%,KMF,4.21,19.70%,,99.50%,9.00%,51.3,"Moroni, Comoros",64.1,273.0,$0.71 ,French,74.80%,0.27,850886,43.30%,,219.60%,4.34%,248152.0,-11.6455,43.3333,COM,3.973,,,3.956,3.956,7.833630085,0.625662446,4.288599968,"$1,185,728,677 ",0.45334595
Republic of the Congo,16,,31.10%,342000,12000.0,32.86,242,Brazzaville,3282.0,124.74,2.20%,XAF,4.43,65.40%,$0.97 ,106.60%,12.70%,36.2,Brazzaville,64.3,378.0,$0.88 ,French,43.80%,0.12,5380508,69.40%,9.00%,54.30%,9.47%,3625010.0,-0.228021,15.827659,COG,4.812,4.559,4.2909,4.236,4.517,7.467963696,,4.812,"$10,820,591,131 ",
Costa Rica,100,CR,34.50%,51100,10000.0,13.97,506,San Jos������,8023.0,128.85,2.10%,CRC,1.75,54.60%,$0.98 ,113.30%,55.20%,7.6,San Jos������,80.1,27.0,$1.84 ,Spanish,21.50%,2.89,5047561,62.10%,13.60%,58.30%,11.85%,4041885.0,9.748917,-83.753428,CRI,7.167,7.072,7.0789999961853,7.087,7.226,9.658156395,0.901545942,7.121399879,"$61,773,944,174 ",0.47152537
Croatia,73,HR,27.60%,56594,18000.0,9.0,385,Zagreb,17488.0,109.82,0.80%,HRK,1.47,34.40%,$1.26 ,96.50%,67.90%,4.0,Zagreb,78.1,8.0,$2.92 ,Croatian,15.20%,3.0,4067500,51.20%,22.00%,20.50%,6.93%,2328318.0,45.1,15.2,HRV,5.432,5.321,5.29300022125244,5.488,5.759,10.07087517,0.874623716,5.504700184,"$60,415,553,039 ",0.2889671
Cuba,106,CU,59.90%,110860,76000.0,10.17,53,Havana,28284.0,,,CUP,1.62,31.30%,$1.40 ,101.90%,41.40%,3.7,Havana,78.7,36.0,$0.05 ,Spanish,,8.42,11333483,53.60%,,,1.64%,8739135.0,21.521757,-77.781167,CUB,5.425,5.302,5.23000001907349,5.155,4.885,9.664880753,,5.425,"$100,023,000,000 ",
Cyprus,131,CY,12.20%,9251,16000.0,10.46,357,Nicosia,6626.0,102.51,0.30%,EUR,1.33,18.70%,$1.23 ,99.30%,75.90%,1.9,Statos�������,80.8,6.0,,Greek,43.90%,1.95,1198575,63.10%,24.50%,22.40%,7.27%,800708.0,35.126413,33.429859,CYP,6.046,5.762,5.62099981307983,5.546,5.689,10.40570259,0.805996239,6.15899992,"$24,564,647,935 ",0.3125177
Czech Republic,139,CZ,45.20%,78867,23000.0,10.7,420,Prague,102218.0,116.48,2.80%,CZK,1.69,34.60%,$1.17 ,100.70%,64.10%,2.7,Prague,79.0,3.0,$3.00 ,Czech,14.80%,4.12,10669709,60.60%,14.90%,46.10%,1.93%,7887156.0,49.817492,15.472962,CZE,6.852,6.711,6.60900020599365,6.596,6.505,10.40416336,0.914430678,6.910900116,"$246,489,245,495 ",
Democratic Republic of the Congo,40,CD,11.60%,2344858,134000.0,41.18,243,Kinshasa,2021.0,133.85,2.90%,CDF,5.92,67.20%,$1.49 ,108.00%,6.60%,68.2,Kinshasa,60.4,473.0,$0.18 ,French,37.40%,0.07,86790567,63.50%,10.70%,50.70%,4.24%,39095679.0,-4.038333,21.758664,COD,4.812,4.559,4.2909,4.236,4.517,7.500389576,,4.812,"$47,319,624,204 ",
Denmark,137,DK,62.00%,43094,15000.0,10.6,45,Copenhagen,31786.0,110.35,0.80%,DKK,1.73,14.70%,$1.55 ,101.30%,80.60%,3.6,Copenhagen,81.0,4.0,,Danish,13.70%,4.01,5818553,62.20%,32.40%,23.80%,4.91%,5119978.0,56.26392,9.501785,DNK,7.6,7.555,7.52199983596802,7.526,7.527,10.77400112,0.955990791,7.645599842,"$348,078,018,464 ",0.2832403
Djibouti,43,DJ,73.40%,23200,13000.0,21.47,253,Djibouti City,620.0,120.25,3.30%,DJF,2.73,0.20%,$1.32 ,75.30%,5.30%,49.8,Djibouti City,66.6,248.0,,French,20.40%,0.22,973560,60.20%,,37.90%,10.30%,758549.0,11.825138,42.590275,DJI,,,,,4.369,,,,"$3,318,716,359 ",0.4158799
Dominica,96,DM,33.30%,751,,12.0,1,Roseau,180.0,103.87,1.00%,XCD,1.9,57.40%,,114.70%,7.20%,32.9,Roseau,76.6,,$1.48 ,English,28.40%,1.08,71808,,22.10%,32.60%,,50830.0,15.414999,-61.370976,DMA,,,,,,,,,"$596,033,333 ",
Dominican Republic,225,DO,48.70%,48670,71000.0,19.51,1,Santo Domingo,25258.0,135.5,1.80%,DOP,2.35,41.70%,$1.07 ,105.70%,59.90%,24.1,Santo Domingo,73.9,95.0,$0.40 ,Spanish,43.70%,1.56,10738958,64.30%,13.00%,48.80%,5.84%,8787475.0,18.735693,-70.162651,DOM,5.425,5.302,5.23000001907349,5.155,4.885,9.664880753,0.882085383,5.689199924,"$88,941,298,258 ",0.36979622
Ecuador,71,EC,22.20%,283561,41000.0,19.72,593,Quito,41155.0,124.14,0.30%,USD,2.43,50.20%,$0.61 ,103.30%,44.90%,12.2,Quito,76.8,59.0,$2.46 ,Spanish,43.70%,2.04,17373662,68.00%,,34.40%,3.97%,11116711.0,-1.831239,-78.183406,ECU,6.028,5.973,6.00799989700317,5.976,5.975,9.246058464,0.836418986,5.925199986,"$107,435,665,000 ",0.45466313
Egypt,103,EG,3.80%,1001450,836000.0,26.38,20,Cairo,238560.0,288.57,9.20%,EGP,3.33,0.10%,$0.40 ,106.30%,35.20%,18.1,Cairo,71.8,37.0,,Modern Standard Arabic,62.00%,0.45,100388073,46.40%,12.50%,44.40%,10.76%,42895824.0,26.820553,30.802498,EGY,4.166,4.419,4.7350001335144,4.362,4.194,9.316541672,0.735447824,4.151400089,"$303,175,127,598 ",0.31893557
El Salvador,313,SV,76.40%,21041,42000.0,18.25,503,San Salvador,7169.0,111.23,0.10%,,2.04,12.60%,$0.83 ,94.80%,29.40%,11.8,San Salvador,73.1,46.0,$0.50 ,Spanish,27.90%,1.57,6453553,59.10%,18.10%,36.40%,4.11%,4694702.0,13.794185,-88.89653,SLV,6.253,6.167,6.00299978256226,6.068,6.13,8.909075737,0.806092262,6.34829998,"$27,022,640,000 ",0.38757578
Equatorial Guinea,50,GQ,10.10%,28051,1000.0,33.24,240,Malabo,5655.0,124.35,1.20%,XAF,4.51,55.50%,,61.80%,1.90%,62.6,Malabo,58.4,301.0,$1.05 ,Spanish,72.00%,0.4,1355986,62.00%,6.10%,79.40%,6.43%,984812.0,1.650801,10.267895,GNQ,,,,,,,,,"$11,026,774,945 ",
Eritrea,35,ER,75.20%,117600,202000.0,30.3,291,Asmara,711.0,,,ERN,4.06,14.90%,$2.00 ,68.40%,3.40%,31.3,Asmara,65.9,480.0,,Tigrinya,52.40%,0.06,6333135,78.40%,,83.70%,5.14%,1149670.0,15.179384,39.782334,ERI,4.668,4.982,5.15100002288818,5.44,5.44,7.509385586,,4.668,"$2,065,001,626 ",
Estonia,31,EE,23.10%,45228,6000.0,10.9,372,Tallinn,16590.0,122.14,2.30%,EUR,1.59,51.30%,$1.14 ,97.20%,69.60%,2.1,Tallinn,78.2,9.0,$3.14 ,Estonian,22.80%,4.48,1331824,63.60%,20.90%,47.80%,5.11%,916024.0,58.595272,25.013607,EST,5.893,5.739,5.61100006103516,5.517,5.429,10.34001732,0.934729993,6.021800041,"$31,386,949,981 ",0.31834933
Eswatini,67,,,17364,,,268,Mbabane,,,,,,,,,,,Mbabane,,,,English,11.30%,,1093238,,28.60%,,,,-26.522503,31.465866,SWZ,,,,,,,,,"$3,791,304,348 ",0.54579794
Ethiopia,115,ET,36.30%,1104300,138000.0,32.34,251,Addis Ababa,14870.0,143.86,15.80%,ETB,4.25,12.50%,$0.75 ,101.00%,8.10%,39.1,Addis Ababa,66.2,401.0,,Amharic,37.80%,0.08,112078730,79.60%,7.50%,37.70%,2.08%,23788710.0,9.145,40.489673,ETH,4.286,4.35,4.46000003814697,4.508,4.512,7.509385586,0.743307352,4.186200142,"$96,107,662,398 ",0.34993124
Fiji,49,FJ,23.30%,18274,4000.0,21.28,679,Suva,2046.0,132.3,1.80%,FJD,2.77,55.90%,$0.82 ,106.40%,16.10%,21.6,Suva,67.3,34.0,$1.28 ,Fiji Hindi,21.40%,0.84,889953,57.60%,24.20%,32.10%,4.10%,505048.0,-17.713371,178.065032,FJI,,,,,,,,,"$5,535,548,972 ",0.30706868
Finland,18,FI,7.50%,338145,25000.0,8.6,358,Helsinki,45871.0,112.33,1.00%,EUR,1.41,73.10%,$1.45 ,100.20%,88.20%,1.4,Helsinki,81.7,3.0,,Swedish,19.90%,3.81,5520314,59.10%,20.80%,36.60%,6.59%,4716888.0,61.92411,25.748151,FIN,7.769,7.632,7.4689998626709,7.413,7.406,10.63926697,0.954329729,7.808700085,"$268,761,201,365 ",0.27708566
France,119,FR,52.40%,643801,307000.0,11.3,33,Paris,303276.0,110.05,1.10%,EUR,1.88,31.20%,$1.39 ,102.50%,65.60%,3.4,Paris,82.5,8.0,$11.16 ,French,6.80%,3.27,67059887,55.10%,24.20%,60.70%,8.43%,54123364.0,46.227638,2.213749,FRA,6.592,6.489,6.44199991226196,6.478,6.575,10.58422279,0.937103748,6.663799763,"$2,715,518,274,227 ",0.31500998
Gabon,9,GA,20.00%,267667,7000.0,31.61,241,Libreville,5321.0,122.19,2.10%,XAF,3.97,90.00%,$0.92 ,139.90%,8.30%,32.7,Libreville,66.2,252.0,$1.46 ,French,25.90%,0.68,2172579,52.90%,10.20%,47.10%,20.00%,1949694.0,-0.803689,11.609444,GAB,4.799,4.758,4.46500015258789,4.121,3.896,9.680537224,0.787886858,4.829299927,"$16,657,960,228 ",0.38024372
The Gambia,239,GM,59.80%,11300,1000.0,38.54,220,Banjul,532.0,172.73,7.10%,GMD,5.22,48.40%,$1.18 ,98.00%,2.70%,39.0,Serekunda,61.7,597.0,$0.13 ,English,20.30%,0.1,2347706,59.40%,9.40%,48.40%,9.06%,1453958.0,13.443182,-15.310139,GMB,,,,,,,,,"$1,763,819,048 ",
Georgia,57,GE,34.50%,69700,26000.0,13.47,995,Tbilisi,10128.0,133.61,4.90%,GEL,2.06,40.60%,$0.76 ,98.60%,63.90%,8.7,Tbilisi,73.6,25.0,$0.05 ,Georgian,57.30%,7.12,3720382,68.30%,21.70%,9.90%,14.40%,2196476.0,42.315407,43.356892,GEO,4.519,4.34,4.28599977493286,4.252,4.297,9.226100922,0.629033029,4.672599792,"$17,743,195,770 ",0.34178618
Germany,240,DE,47.70%,357022,180000.0,9.5,49,Berlin,727973.0,112.85,1.40%,EUR,1.56,32.70%,$1.39 ,104.00%,70.20%,3.1,Berlin,80.9,7.0,$9.99 ,German,12.50%,4.25,83132799,60.80%,11.50%,48.80%,3.04%,64324835.0,51.165691,10.451526,DEU,6.985,6.965,6.95100021362305,6.994,6.75,10.7328186,0.898874462,7.075799942,"$3,845,630,030,824 ",0.31719428
Ghana,137,GH,69.00%,238533,16000.0,29.41,233,Accra,16670.0,268.36,7.20%,GHS,3.87,41.20%,$0.92 ,104.80%,15.70%,34.9,Accra,63.8,308.0,$0.27 ,English,36.10%,0.14,30792608,67.80%,12.60%,55.40%,4.33%,17249054.0,7.946527,-1.023194,GHA,4.996,4.657,4.11999988555908,4.276,4.633,8.350645065,0.728601098,5.147999763,"$66,983,634,224 ",0.4352088
Greece,81,GR,47.60%,131957,146000.0,8.1,30,Athens,62434.0,101.87,0.20%,EUR,1.35,31.70%,$1.54 ,99.60%,136.60%,3.6,Macedonia,81.3,3.0,$4.46 ,Greek,35.50%,5.48,10716322,51.80%,26.20%,51.90%,17.24%,8507474.0,39.074208,21.824312,GRC,5.287,5.358,5.22700023651123,5.033,4.857,10.13232613,0.814380348,5.514999866,"$209,852,761,469 ",0.32942098
Grenada,331,GD,23.50%,349,,16.47,1,"St. George's, Grenada",268.0,107.43,0.80%,XCD,2.06,50.00%,$1.12 ,106.90%,104.60%,13.7,"St. George's, Grenada",72.4,25.0,,English,57.00%,1.41,112003,,19.40%,47.80%,,40765.0,12.1165,-61.679,GRD,,,,,,,,,"$1,228,170,370 ",0.4381641
Guatemala,167,GT,36.00%,108889,43000.0,24.56,502,Guatemala City,16777.0,142.92,3.70%,GTQ,2.87,32.70%,$0.79 ,101.90%,21.80%,22.1,Guatemala City,74.1,95.0,$1.60 ,Spanish,55.80%,0.35,16604026,62.30%,10.60%,35.20%,2.46%,8540945.0,15.783471,-90.230759,GTM,6.436,6.382,6.4539999961853,6.324,6.123,8.924805641,0.816621482,6.398900032,"$76,710,385,880 ",0.48278588
Guinea,53,GN,59.00%,245857,13000.0,36.36,224,Conakry,2996.0,262.95,9.50%,GNF,4.7,25.80%,$0.90 ,91.50%,11.60%,64.9,Kankan,61.2,576.0,,French,54.50%,0.08,12771246,61.50%,10.80%,69.30%,4.30%,4661505.0,9.945587,-9.696645,GIN,4.534,3.964,3.50699996948242,3.607,3.656,7.750990391,0.637573481,4.949299812,"$13,590,281,809 ",0.29591954
Guinea-Bissau,70,GW,58.00%,36125,4000.0,35.13,245,Bissau,293.0,111.65,1.40%,XOF,4.48,69.80%,,118.70%,2.60%,54.0,Bissau,58.0,667.0,$0.16 ,Portuguese,37.20%,0.13,1920922,72.00%,10.30%,45.50%,2.47%,840922.0,11.803749,-15.180413,GNB,,,,,,,,,"$1,340,389,411 ",0.33435068
Guyana,4,GY,8.60%,214969,3000.0,19.97,592,"Georgetown, Guyana",2384.0,116.19,2.10%,GYD,2.46,83.90%,$0.90 ,97.80%,11.60%,25.1,"Georgetown, Guyana",69.8,169.0,$0.98 ,English,40.50%,0.8,782766,56.20%,,30.60%,11.85%,208912.0,4.860416,-58.93018,GUY,6.269,6.269,6.269,6.269,6.269,9.56643486,,6.269,"$4,280,443,645 ",0.4511814
Haiti,414,HT,66.80%,27750,0.0,24.35,509,Port-au-Prince,2978.0,179.29,12.50%,HTG,2.94,3.50%,$0.81 ,113.60%,1.10%,49.5,Port-au-Prince,63.7,480.0,$0.25 ,French,36.30%,0.23,11263077,67.20%,,42.70%,13.78%,6328948.0,18.971187,-72.285215,HTI,3.597,3.582,3.6029999256134,4.028,4.518,7.411329269,0.593247831,3.720799923,"$8,498,981,821 ",0.6078681
Vatican City,2003,,,0,,,379,Vatican City,,,,EUR,,,,,,,,,,,Italian,,,836,,,,,,41.902916,12.453389,,,,,,,,,,,
Honduras,89,HN,28.90%,112090,23000.0,21.6,504,Tegucigalpa,9813.0,150.34,4.40%,HNL,2.46,40.00%,$0.98 ,91.50%,26.20%,15.1,Tegucigalpa,75.1,65.0,$1.01 ,Spanish,49.10%,0.31,9746117,68.80%,17.30%,39.10%,5.39%,5626433.0,15.199999,-86.241905,HND,5.86,5.504,5.18100023269653,4.871,4.788,8.424534798,0.821870148,5.953199863,"$25,095,395,475 ",0.48168167
Hungary,107,HU,58.40%,93028,40000.0,9.6,36,Budapest,45537.0,121.64,3.30%,HUF,1.54,22.90%,$1.18 ,100.80%,48.50%,3.6,Budapest,75.8,12.0,$2.62 ,Hungarian,29.00%,3.41,9769949,56.50%,23.00%,37.90%,3.40%,6999582.0,47.162494,19.503304,HUN,5.758,5.62,5.32399988174438,5.145,4.8,10.24924374,0.921934128,6.000400066,"$160,967,157,504 ",0.2917353
Iceland,3,IS,18.70%,103000,0.0,12.0,354,Reykjav��,2065.0,129.0,3.00%,ISK,1.71,0.50%,$1.69 ,100.40%,71.80%,1.5,Reykjav��,82.7,4.0,,Icelandic,17.00%,4.08,361313,75.00%,23.30%,31.90%,2.84%,339110.0,64.963051,-19.020835,ISL,7.494,7.495,7.50400018692017,7.501,7.561,10.77255917,0.974669576,7.504499912,"$24,188,035,739 ",0.2613158
India,464,IN,60.40%,3287263,3031000.0,17.86,91,New Delhi,2407672.0,180.44,7.70%,INR,2.22,23.80%,$0.97 ,113.00%,28.10%,29.9,Kurebhar,69.4,145.0,$0.30 ,Hindi,65.10%,0.86,1366417754,49.30%,11.20%,49.70%,5.36%,471031528.0,20.593684,78.96288,IND,4.015,4.19,4.31500005722046,4.404,4.565,8.849823952,0.592200935,3.573299885,"$2,611,000,000,000 ",0.32774055
Indonesia,151,ID,31.50%,1904569,676000.0,18.07,62,Jakarta,563325.0,151.18,3.00%,IDR,2.31,49.90%,$0.63 ,106.40%,36.30%,21.1,Kalimantan,71.5,177.0,$0.48 ,Indonesian,48.30%,0.43,270203917,67.50%,10.20%,30.10%,4.69%,151509724.0,-0.789275,113.921327,IDN,5.192,5.093,5.26200008392334,5.314,5.399,9.36975193,0.808379889,5.285600185,"$1,119,190,780,753 ",0.3830667
Iran,52,IR,28.20%,1648195,563000.0,18.78,98,Tehran,661710.0,550.93,39.90%,IRR,2.14,6.60%,$0.40 ,110.70%,68.10%,12.4,Tehran,76.5,16.0,$1.58 ,Persian,39.70%,1.58,82913906,44.70%,7.40%,44.70%,11.38%,62509623.0,32.427908,53.688046,IRN,4.548,4.707,4.69199991226196,4.813,4.686,9.813719749,0.694689691,4.672399998,"$445,345,282,123 ",0.34803438
Iraq,93,IQ,21.40%,438317,209000.0,29.08,964,Baghdad,190061.0,119.86,0.40%,IQD,3.67,1.90%,$0.61 ,108.70%,16.20%,22.5,Baghdad,70.5,79.0,$1.24 ,Arabic,76.50%,0.71,39309783,43.00%,2.00%,30.80%,12.82%,27783368.0,33.223191,43.679291,IRQ,4.437,4.456,4.49700021743774,4.575,4.677,9.661095619,0.747694969,4.784800053,"$234,094,042,939 ",0.29541856
Ireland,72,,64.50%,70273,9000.0,12.5,353,Dublin,37711.0,106.58,0.90%,EUR,1.75,11.00%,$1.37 ,100.90%,77.80%,3.1,Connacht,82.3,5.0,$10.79 ,Irish,15.20%,3.31,5007069,62.10%,18.30%,26.10%,4.93%,3133123.0,53.41291,-8.24389,IRL,7.021,6.977,6.977,6.907,6.94,11.16097832,0.942081571,7.093699932,"$388,698,711,348 ",0.30119386
Israel,400,IL,24.60%,20770,178000.0,20.8,972,Jerusalem,65166.0,108.15,0.80%,ILS,3.09,7.70%,$1.57 ,104.90%,63.40%,3.0,Jerusalem,82.8,3.0,$7.58 ,Hebrew,24.40%,4.62,9053300,64.00%,23.10%,25.30%,3.86%,8374393.0,31.046051,34.851612,ISR,7.139,6.814,7.21299982070923,7.267,7.278,10.41752529,0.913571239,7.128600121,"$395,098,666,122 ",0.3789385
Italy,206,IT,43.20%,301340,347000.0,7.3,39,Rome,320411.0,110.62,0.60%,EUR,1.29,31.80%,$1.61 ,101.90%,61.90%,2.6,Rome,82.9,2.0,,Italian,22.80%,3.98,60297396,49.60%,24.30%,59.10%,9.89%,42651966.0,41.87194,12.56738,ITA,6.223,6.0,5.96400022506714,5.977,5.948,10.48183632,0.889878571,6.38740015,"$2,001,244,392,042 ",0.34847546
Jamaica,273,JM,41.00%,10991,4000.0,16.1,1876,"Kingston, Jamaica",8225.0,162.47,3.90%,JMD,1.98,30.90%,$1.11 ,91.00%,27.10%,12.4,"Kingston, Jamaica",74.4,80.0,$1.33 ,Jamaican English,23.70%,1.31,2948279,66.00%,26.80%,35.10%,8.00%,1650594.0,18.109581,-77.297508,JAM,5.89,5.89,5.31099987030029,5.51,5.709,9.006250381,0.915701866,5.889800072,"$16,458,071,068 ",0.4021027
Japan,347,JP,12.30%,377944,261000.0,7.4,81,Tokyo,1135886.0,105.48,0.50%,,1.42,68.50%,$1.06 ,98.80%,63.20%,1.8,Tokyo,84.2,5.0,$6.77 ,,13.10%,2.41,126226568,61.70%,11.90%,46.70%,2.29%,115782416.0,36.204824,138.252924,JPN,5.886,5.915,5.92000007629395,5.921,5.987,10.57968903,0.883545935,5.870800018,"$5,081,769,542,380 ",0.3285473
Jordan,115,JO,12.00%,89342,116000.0,21.98,962,Amman,25108.0,125.6,0.80%,JOD,2.76,1.10%,$1.10 ,81.50%,34.40%,13.9,Amman,74.4,46.0,$1.49 ,Arabic,25.10%,2.32,10101694,39.30%,15.10%,28.60%,14.72%,9213048.0,30.585164,36.238414,JOR,4.906,5.161,5.33599996566772,5.303,5.192,9.025999069,0.80216372,4.633399963,"$43,743,661,972 ",0.3365573
Kazakhstan,7,KZ,80.40%,2724900,71000.0,21.77,7,Astana,247207.0,182.75,5.20%,KZT,2.84,1.20%,$0.42 ,104.40%,61.70%,8.8,Almaty,73.2,10.0,$0.41 ,Russian,38.80%,3.25,18513930,68.80%,11.70%,28.40%,4.59%,10652915.0,48.019573,66.923684,KAZ,5.809,5.79,5.81899976730347,5.919,5.855,10.11465836,0.934744895,6.057899952,"$180,161,741,180 ",0.29191533
Kenya,94,KE,48.50%,580367,29000.0,28.75,254,Nairobi,17910.0,180.51,4.70%,KES,3.49,7.80%,$0.95 ,103.20%,11.50%,30.6,Nairobi,66.3,342.0,$0.25 ,Swahili,33.40%,0.16,52573973,74.70%,15.10%,37.20%,2.64%,14461523.0,-0.023559,37.906193,KEN,4.509,4.41,4.55299997329712,4.356,4.419,8.02977562,0.702652037,4.583000183,"$95,503,088,538 ",0.3870376
Kiribati,147,KI,42.00%,811,,27.89,686,South Tarawa,66.0,99.55,0.60%,AUD,3.57,15.00%,,101.30%,,41.2,South Tarawa,68.1,92.0,,English,0.20%,0.2,117606,,22.00%,32.70%,,64489.0,1.8368976,-157.3768317,KIR,,,,,,,,,"$194,647,202 ",0.27832702
Kuwait,240,KW,8.40%,17818,25000.0,13.94,965,Kuwait City,98734.0,126.6,1.10%,KWD,2.08,0.40%,$0.35 ,92.40%,54.40%,6.7,Kuwait City,75.4,12.0,$0.95 ,Modern Standard Arabic,14.40%,2.58,4207083,73.50%,1.40%,13.00%,2.18%,4207083.0,29.31166,47.481766,KWT,6.021,6.083,6.10500001907349,6.239,6.295,11.08982468,0.846475244,6.102099895,"$134,761,198,946 ",
Kyrgyzstan,34,KG,55.00%,199951,21000.0,27.1,996,Bishkek,9787.0,155.68,1.10%,KGS,3.3,3.30%,$0.56 ,107.60%,41.30%,16.9,Bishkek,71.4,60.0,$0.09 ,Russian,48.20%,1.88,6456900,59.80%,18.00%,29.00%,6.33%,2362644.0,41.20438,74.766098,KGZ,5.261,5.131,5.00400018692017,5.185,5.286,8.148405075,0.887228489,5.541500092,"$8,454,619,608 ",0.2879365
Laos,32,LA,10.30%,236800,129000.0,23.55,856,Vientiane,17763.0,135.87,3.30%,LAK,2.67,82.10%,$0.93 ,102.40%,15.00%,37.6,Vientiane,67.6,185.0,$0.83 ,Lao,45.40%,0.37,7169455,78.50%,12.90%,24.10%,0.63%,2555552.0,19.85627,102.495496,4.796,4.796,4.623,,4.876,4.876,8.79858017,0.737502217,4.888599873,"$18,173,839,128 ",0.38802433
Latvia,30,LV,31.10%,64589,6000.0,10.0,371,Riga,7004.0,116.86,2.80%,EUR,1.6,54.00%,$1.16 ,99.40%,88.10%,3.3,Riga,74.7,19.0,$2.80 ,Latvian,41.60%,3.19,1912789,61.40%,22.90%,38.10%,6.52%,1304943.0,56.879635,24.603189,LVA,5.94,5.933,5.84999990463257,5.56,5.098,10.17531967,0.918288589,5.949999809,"$34,117,202,555 ",0.34257108
Lebanon,667,LB,64.30%,10400,80000.0,17.55,961,Beirut,24796.0,130.02,3.00%,LBP,2.09,13.40%,$0.74 ,95.10%,26.30%,6.4,"Tripoli, Lebanon",78.9,29.0,$2.15 ,Arabic,32.10%,2.1,6855713,47.00%,15.30%,32.20%,6.23%,6084994.0,33.854721,35.862285,LBN,5.197,5.358,5.22499990463257,5.129,4.839,9.3617239,0.824338138,4.771500111,"$53,367,042,272 ",0.3183245
Lesotho,71,LS,77.60%,30355,2000.0,26.81,266,Maseru,2512.0,155.86,5.20%,,3.14,1.60%,$0.70 ,120.90%,10.20%,65.7,Maseru,53.7,544.0,$0.41 ,English,16.90%,0.07,2125268,67.90%,31.60%,13.60%,23.41%,607508.0,-29.609988,28.233608,LSO,3.802,3.808,3.80800008773804,4.898,4.898,7.960488319,0.780495703,3.652800083,"$2,460,072,444 ",0.44879702
Liberia,53,LR,28.00%,111369,2000.0,33.04,231,Monrovia,1386.0,223.13,23.60%,,4.32,43.10%,$0.80 ,85.10%,11.90%,53.5,Monrovia,63.7,661.0,$0.17 ,English,19.60%,0.04,4937374,76.30%,12.90%,46.20%,2.81%,2548426.0,6.428055,-9.429499,LBR,3.975,3.495,3.53299999237061,3.622,4.571,7.054380417,0.70928055,4.557899952,"$3,070,518,100 ",0.3526546
Libya,4,LY,8.70%,1759540,0.0,18.83,218,,50564.0,125.71,2.60%,LYD,2.24,0.10%,$0.11 ,109.00%,60.50%,10.2,,72.7,72.0,$1.88 ,Arabic,36.70%,2.09,6777452,49.70%,,32.60%,18.56%,5448597.0,26.3351,17.228331,LBY,5.525,5.566,5.52500009536743,5.615,5.754,9.789815903,0.825942934,5.488800049,"$52,076,250,948 ",
Liechtenstein,238,LI,32.20%,160,,9.9,423,Vaduz,51.0,,,CHF,1.44,43.10%,$1.74 ,104.70%,35.60%,,Schaan,83.0,,,German,,,38019,,,21.60%,,5464.0,47.1410392,9.520935,LIE,,,,,,,,,"$6,552,858,739 ",
Lithuania,43,LT,47.20%,65300,34000.0,10.0,370,Vilnius,12963.0,118.38,2.30%,EUR,1.63,34.80%,$1.16 ,103.90%,72.40%,3.3,Vilnius,75.7,8.0,$2.41 ,Lithuanian,32.10%,6.35,2786844,61.60%,16.90%,42.60%,6.35%,1891013.0,55.169438,23.881275,LTU,6.149,5.952,5.90199995040894,5.813,5.833,10.34362602,0.926107109,6.215499878,"$54,219,315,600 ",0.36657408
Luxembourg,242,LU,53.70%,2586,2000.0,10.3,352,Luxembourg City,8988.0,115.09,1.70%,EUR,1.37,35.70%,$1.19 ,102.30%,19.20%,1.9,Luxembourg City,82.1,5.0,$13.05 ,Luxembourgish,10.60%,3.01,645397,59.30%,26.50%,20.40%,5.36%,565488.0,49.815273,6.129583,LUX,7.09,6.91,6.86299991607666,6.871,6.946,11.45068073,0.906912208,7.237500191,"$71,104,919,108 ",0.3273478
Madagascar,48,MG,71.20%,587041,22000.0,32.66,261,Antananarivo,3905.0,184.33,5.60%,MGA,4.08,21.40%,$1.11 ,142.50%,5.40%,38.2,Antananarivo,66.7,335.0,$0.21 ,French,21.70%,0.18,26969307,86.10%,10.20%,38.30%,1.76%,10210849.0,-18.766947,46.869107,MDG,3.933,3.774,3.64400005340576,3.695,3.681,7.281685829,0.668195903,4.165599823,"$14,083,906,357 ",0.4264818
Malawi,203,MW,61.40%,118484,15000.0,34.12,265,Lilongwe,1298.0,418.34,9.40%,MWK,4.21,33.20%,$1.15 ,142.50%,0.80%,35.3,Lilongwe,63.8,349.0,$0.12 ,English,11.00%,0.04,18628747,76.70%,17.30%,34.50%,5.65%,3199301.0,-13.254308,34.301525,MWI,3.41,3.587,3.97000002861023,4.156,4.292,7.062226295,0.544007301,3.538000107,"$7,666,704,427 ",0.38543174
Malaysia,99,MY,26.30%,329847,136000.0,16.75,60,Kuala Lumpur,248289.0,121.46,0.70%,MYR,2.0,67.60%,$0.45 ,105.30%,45.10%,6.7,Johor Bahru,76.0,29.0,$0.93 ,Malaysian language,36.70%,1.51,32447385,64.30%,12.00%,38.70%,3.32%,24475766.0,4.210484,101.975766,MYS,5.339,6.322,6.08400011062622,6.005,5.77,10.26251888,0.816509426,5.384300232,"$364,701,517,788 ",0.40668428
Maldives,1802,MV,26.30%,298,5000.0,14.2,960,Mal�,1445.0,99.7,0.20%,,1.87,3.30%,$1.63 ,97.10%,31.20%,7.4,Mal�,78.6,53.0,,Divehi,16.40%,4.56,530953,69.80%,19.50%,30.20%,6.14%,213645.0,3.202778,73.22068,MDV,,,,,,9.518632889,0.91316092,5.197599888,"$5,729,248,472 ",0.2928509
Mali,17,ML,33.80%,1240192,18000.0,41.54,223,Bamako,3179.0,108.73,-1.70%,XOF,5.88,3.80%,$1.12 ,75.60%,4.50%,62.0,Bamako,58.9,562.0,$0.23 ,French,46.30%,0.13,19658031,70.80%,11.60%,54.50%,7.22%,8479688.0,17.570692,-3.996166,MLI,4.39,4.447,4.19000005722046,4.073,3.995,7.629852295,0.731468976,4.729300022,"$17,510,141,171 ",0.35653594
Malta,1380,MT,32.40%,316,2000.0,9.2,356,Valletta,1342.0,113.45,1.60%,EUR,1.23,1.10%,$1.36 ,105.00%,54.30%,6.1,Birkirkara,82.3,6.0,$5.07 ,Maltese,37.10%,2.86,502653,56.50%,26.20%,44.00%,3.47%,475902.0,35.937496,14.375416,MLT,6.726,6.627,6.52699995040894,6.488,6.302,10.53383827,0.93037951,6.772799969,"$14,786,156,563 ",0.3140378
Marshall Islands,329,MH,63.90%,181,,29.03,692,Majuro,143.0,,,USD,4.05,70.20%,$1.44 ,84.70%,23.70%,27.4,Majuro,65.2,,$2.00 ,Marshallese,10.00%,0.42,58791,,17.80%,65.90%,,45514.0,7.131474,171.184478,MHL,,,,,,,,,"$221,278,000 ",0.35482943
Mauritania,5,MR,38.50%,1030700,21000.0,33.69,222,Nouakchott,2739.0,135.02,2.30%,MRU,4.56,0.20%,$1.13 ,99.90%,5.00%,51.5,Nouakchott,64.7,766.0,$0.53 ,Arabic,48.20%,0.19,4525696,45.90%,,67.00%,9.55%,2466821.0,21.00789,-10.940835,MRT,4.49,4.356,4.29199981689453,4.201,4.436,8.233919144,0.790819228,4.374599934,"$7,593,752,450 ",0.31996837
Mauritius,626,MU,42.40%,2040,3000.0,10.2,230,Port Louis,4349.0,129.91,0.40%,MUR,1.41,19.00%,$1.12 ,101.10%,40.60%,13.6,Port Louis,74.4,61.0,$0.38 ,French,50.70%,2.53,1265711,58.30%,19.10%,22.20%,6.67%,515980.0,-20.348404,57.552152,MUS,5.888,5.891,5.62900018692017,5.648,5.477,9.956786156,0.910357833,6.101299763,"$14,180,444,557 ",0.36761206
Mexico,66,MX,54.60%,1964375,336000.0,17.6,52,Mexico City,486406.0,141.54,3.60%,MXN,2.13,33.90%,$0.73 ,105.80%,40.20%,11.0,Mexico City,75.0,33.0,$0.49 ,,41.40%,2.38,126014024,60.70%,13.10%,55.10%,3.42%,102626859.0,23.634501,-102.552784,MEX,6.595,6.488,6.57800006866455,6.778,7.187,9.797797203,0.838665426,6.465000153,"$1,258,286,717,125 ",0.43454525
Federated States of Micronesia,784,FM,31.40%,702,,22.82,691,Palikir,143.0,112.1,0.50%,USD,3.05,91.90%,,97.20%,14.10%,25.6,Palikir,67.8,88.0,,English,2.50%,0.18,113815,,25.20%,60.50%,,25963.0,7.425554,150.550812,FSM,,,,,,,,,"$401,932,279 ",
Moldova,123,MD,74.20%,33851,7000.0,10.1,373,Chi����,5115.0,166.2,4.80%,MDL,1.26,12.60%,$0.80 ,90.60%,39.80%,13.6,Chi����,71.8,19.0,$0.31 ,Romanian,46.20%,3.21,2657637,43.10%,17.70%,38.70%,5.47%,1135502.0,47.411631,28.369885,MDA,5.529,5.64,5.83799982070923,5.897,5.889,8.776714325,0.843313575,5.607500076,"$11,955,435,457 ",0.25731638
Monaco,26337,MC,,2,,5.9,377,Monaco City,,,,EUR,,,$2.00 ,,,2.6,Monaco City,,,$11.72 ,French,6.10%,6.56,38964,,,,,38964.0,43.7384176,7.4246158,MCO,,,,,,,,,"$7,184,844,193 ",
Mongolia,2,MN,71.50%,1564116,18000.0,24.13,976,Ulaanbaatar,25368.0,195.76,7.30%,MNT,2.9,8.00%,$0.72 ,104.00%,65.60%,14.0,Ulaanbaatar,69.7,45.0,$0.65 ,Mongolian,39.30%,2.86,3225167,59.70%,16.80%,25.70%,6.01%,2210626.0,46.862496,103.846656,MNG,5.285,5.125,4.95499992370605,4.907,4.874,9.412186623,0.937142491,5.456200123,"$13,852,850,259 ",0.31416476
Montenegro,47,ME,19.00%,13812,12000.0,11.73,382,Podgorica,2017.0,116.32,2.60%,EUR,1.75,61.50%,$1.16 ,100.00%,56.10%,2.3,Podgorica,76.8,6.0,$1.23 ,Montenegrin language,31.80%,2.76,622137,54.40%,,22.20%,14.88%,417765.0,42.708678,19.37439,MNE,5.523,5.347,5.23699998855591,5.161,5.192,9.751860619,0.855314612,5.54610014,"$5,494,736,901 ",0.34304917
Morocco,83,MA,68.50%,446550,246000.0,18.94,212,Rabat,61276.0,111.07,0.20%,MAD,2.42,12.60%,$0.99 ,113.90%,35.90%,19.2,Casablanca,76.5,70.0,$1.60 ,Arabic,53.10%,0.73,36910560,45.30%,21.90%,45.80%,9.02%,22975026.0,31.791702,-7.09262,MAR,5.208,5.254,5.2350001335144,5.151,5.013,8.940313339,0.592628479,5.094799995,"$118,725,279,596 ",0.39548507
Mozambique,40,MZ,63.50%,799380,11000.0,37.52,258,Maputo,7943.0,182.31,2.80%,MZN,4.85,48.00%,$0.65 ,112.60%,7.30%,54.0,Maputo,60.2,289.0,$0.27 ,Portuguese,6.80%,0.08,30366036,78.10%,0.00%,36.10%,3.24%,11092106.0,-18.665695,35.529562,MOZ,4.466,4.417,4.55000019073486,4.971,4.971,7.069345951,0.723874032,4.623600006,"$14,934,159,926 ",0.5045398
Myanmar,83,MM,19.50%,676578,513000.0,17.55,95,Naypyidaw,25280.0,168.18,8.80%,MMK,2.15,43.60%,$0.54 ,112.30%,18.80%,36.8,Yangon,66.9,250.0,$0.39 ,Burmese,73.90%,0.68,54045420,61.70%,5.40%,31.20%,1.58%,16674093.0,21.916221,95.955974,MMR,4.36,4.308,4.54500007629395,4.395,4.307,8.680481911,0.78440702,4.308000088,"$76,085,852,617 ",0.3069687
Namibia,3,,47.10%,824292,16000.0,28.64,264,Windhoek,4228.0,157.97,3.70%,,3.4,8.30%,$0.76 ,124.20%,22.90%,29.0,Windhoek,63.4,195.0,,English,8.30%,0.42,2494530,59.50%,27.10%,20.70%,20.27%,1273258.0,-22.95764,18.49041,NAM,4.639,4.441,4.57399988174438,4.574,4.574,9.203141212,0.846880972,4.571100235,"$12,366,527,719 ",0.5906661
Nauru,541,NR,,21,,,674,Yaren District,,,,AUD,,,,,,,,,,,English,,,10084,,,,,,-0.522778,166.931503,NRU,,,,,,,,,"$133,000,000 ",0.3236158
Nepal,203,NP,28.70%,147181,112000.0,19.89,977,Kathmandu,9105.0,188.73,5.60%,NPR,1.92,25.40%,$0.91 ,142.10%,12.40%,26.7,Kathmandu,70.5,186.0,$0.36 ,Nepali,60.40%,0.75,28608710,83.80%,20.70%,41.80%,1.41%,5765513.0,28.394857,84.124008,NPL,4.913,4.88,4.96199989318848,4.793,4.514,7.925357342,0.785512447,5.137199879,"$30,641,380,604 ",0.32840586
Netherlands,508,NL,53.30%,41543,41000.0,9.7,31,Amsterdam,170780.0,115.91,2.60%,,1.59,11.20%,$1.68 ,104.20%,85.00%,3.3,Amsterdam,81.8,5.0,$10.29 ,Dutch,12.30%,3.61,17332850,63.60%,23.00%,41.20%,3.20%,15924729.0,52.132633,5.291266,NLD,7.488,7.441,7.3769998550415,7.339,7.378,10.81271172,0.93913883,7.448900223,"$909,070,395,161 ",0.25743884
New Zealand,18,NZ,40.50%,268838,9000.0,11.98,64,Wellington,34382.0,114.24,1.60%,NZD,1.71,38.60%,$1.40 ,100.00%,82.00%,4.7,Auckland,81.9,9.0,$11.49 ,English,12.60%,3.59,4841000,69.90%,29.00%,34.60%,4.07%,4258860.0,-40.900557,174.885971,NZL,7.307,7.324,7.31400012969971,7.334,7.286,10.50094318,0.949118972,7.299600124,"$206,928,765,544 ",
Nicaragua,55,NI,42.10%,130370,12000.0,20.64,505,Managua,5592.0,162.74,5.40%,NIO,2.4,25.90%,$0.91 ,120.60%,17.40%,15.7,Managua,74.3,98.0,$0.54 ,Spanish,36.00%,0.98,6545502,66.40%,15.60%,60.60%,6.84%,3846137.0,12.865416,-85.207229,NIC,6.105,6.141,6.07100009918213,5.992,5.828,8.493160248,0.857497036,6.13710022,"$12,520,915,291 ",0.46156293
Niger,19,NE,36.10%,1267000,10000.0,46.08,227,Niamey,2017.0,109.32,-2.50%,XOF,6.91,0.90%,$0.88 ,74.70%,4.40%,48.0,Niamey,62.0,509.0,$0.29 ,French,52.30%,0.04,23310715,72.00%,11.80%,47.20%,0.47%,3850231.0,17.607789,8.081666,NER,4.628,4.166,4.02799987792969,3.856,3.845,6.842166901,0.617435038,4.909599781,"$12,928,145,120 ",0.32862565
Nigeria,226,NG,77.70%,923768,215000.0,37.91,234,Abuja,120369.0,267.51,11.40%,NGN,5.39,7.20%,$0.46 ,84.70%,10.20%,75.7,Lagos,54.3,917.0,$0.54 ,English,72.20%,0.38,200963599,52.90%,1.50%,34.80%,8.10%,102806948.0,9.081999,8.675277,NGA,5.265,5.155,5.07399988174438,4.875,5.268,8.57662487,0.73721689,4.724100113,"$448,120,428,859 ",0.35127744
North Korea,214,KP,21.80%,120538,1469000.0,13.89,850,Pyongyang,28284.0,,,KPW,1.9,40.70%,$0.58 ,112.80%,27.00%,13.7,Pyongyang,72.1,89.0,,Korean,,3.67,25666161,80.40%,,,2.74%,15947412.0,40.339852,127.510093,,,,,,,,,,"$32,100,000,000 ",
North Macedonia,83,,,25713,,,389,Skopje,,,,MKD,,,,,,,Skopje,,,,Macedonian,35.60%,,1836713,,,,,,41.608635,21.745275,MKD,5.274,,,,,,,,"$10,220,781,069 ",0.33505884
Norway,15,NO,2.70%,323802,23000.0,10.4,47,Oslo,41023.0,120.27,2.20%,NOK,1.56,33.20%,$1.78 ,100.30%,82.00%,2.1,Oslo,82.8,2.0,,Norwegian,14.30%,2.92,5347896,63.80%,23.90%,36.20%,3.35%,4418218.0,60.472024,8.468946,NOR,7.554,7.594,7.53700017929077,7.498,7.522,11.08780384,0.952486575,7.487999916,"$403,336,363,636 ",0.27742285
Oman,16,OM,4.60%,309500,47000.0,19.19,968,Muscat,63457.0,113.53,0.10%,OMR,2.89,0.00%,$0.45 ,103.40%,38.00%,9.8,Seeb,77.6,19.0,$4.33 ,Arabic,6.40%,2.0,5266535,72.40%,2.50%,27.40%,2.67%,4250777.0,21.4735329,55.975413,OMN,6.853,6.853,6.853,6.853,6.853,8.467963696,,6.853,"$76,983,094,928 ",
Pakistan,287,PK,47.80%,796095,936000.0,28.25,92,Islamabad,201150.0,182.32,10.60%,PKR,3.51,1.90%,$0.79 ,94.30%,9.00%,57.2,Karachi,67.1,140.0,$0.69 ,Urdu,66.50%,0.98,216565318,52.60%,9.20%,33.90%,4.45%,79927762.0,30.375321,69.345116,PAK,5.653,5.472,5.26900005340576,5.132,5.194,8.482727051,0.689062297,5.69329977,"$304,400,000,000 ",0.29589266
Palau,39,PW,10.90%,459,,14.0,680,Ngerulmud,224.0,118.17,1.30%,USD,2.21,87.60%,,112.60%,54.70%,16.6,Koror,69.1,,$3.00 ,English,21.80%,1.18,18233,,21.30%,76.60%,,14491.0,7.51498,134.58252,PLW,,,,,,,,,"$283,994,900 ",
Panama,58,PA,30.40%,75420,26000.0,18.98,507,Panama City,10715.0,122.07,-0.40%,,2.46,61.90%,$0.74 ,94.40%,47.80%,13.1,Panama City,78.3,52.0,$1.53 ,Spanish,30.50%,1.57,4246439,66.60%,,37.20%,3.90%,2890084.0,8.537981,-80.782127,PAN,6.321,6.43,6.4520001411438,6.701,6.786,10.03423405,0.902094483,6.304800034,"$66,800,800,000 ",0.48876542
Papua New Guinea,20,PG,2.60%,462840,4000.0,27.07,675,Port Moresby,7536.0,155.99,3.60%,PGK,3.56,74.10%,$1.36 ,108.50%,1.80%,38.0,Port Moresby,64.3,145.0,$1.16 ,Tok Pisin,5.80%,0.07,8776109,47.20%,13.60%,37.10%,2.46%,1162834.0,-6.314993,143.95555,PNG,5.192,5.093,5.26200008392334,5.314,5.399,9.36975193,,5.192,"$24,969,611,435 ",0.41850787
Paraguay,18,PY,55.10%,406752,27000.0,20.57,595,Asunci��,7407.0,143.82,2.80%,PYG,2.43,37.70%,$1.04 ,104.40%,34.60%,17.2,Ciudad del Este,74.1,129.0,$1.55 ,Spanish,36.50%,1.35,7044636,72.10%,10.00%,35.00%,4.81%,4359150.0,-23.442503,-58.443832,PRY,5.743,5.681,5.49300003051758,5.538,5.878,9.389982224,0.898727894,5.692100048,"$38,145,288,940 ",0.45109698
Peru,26,PE,18.50%,1285216,158000.0,17.95,51,Lima,57414.0,129.78,2.10%,PEN,2.25,57.70%,$0.99 ,106.90%,70.70%,11.1,Lima,76.5,88.0,$1.28 ,Spanish,30.90%,1.27,32510453,77.60%,14.30%,36.80%,3.31%,25390339.0,-9.189967,-75.015152,PER,5.697,5.663,5.71500015258789,5.743,5.824,9.456313133,0.831075251,5.796800137,"$226,848,050,820 ",0.4034981
Philippines,368,PH,41.70%,300000,153000.0,20.55,63,Manila,122287.0,129.61,2.50%,PHP,2.58,27.80%,$0.86 ,107.50%,35.50%,22.5,Manila,71.1,121.0,$1.12 ,English,53.50%,0.6,108116615,59.60%,14.00%,43.10%,2.15%,50975903.0,12.879721,121.774017,PHL,5.631,5.524,5.42999982833862,5.279,5.073,8.993545532,0.846730053,6.006000042,"$376,795,508,680 ",0.37268466
Poland,124,PL,46.90%,312685,191000.0,10.2,48,Warsaw,299037.0,114.11,2.20%,PLN,1.46,30.90%,$1.07 ,100.00%,67.80%,3.8,Warsaw,77.6,2.0,$2.93 ,Polish,23.20%,2.38,37970874,56.70%,17.40%,40.80%,3.47%,22796574.0,51.919438,19.145136,POL,6.182,6.123,5.97300004959106,5.835,5.791,10.26512432,0.874257445,6.186299801,"$592,164,400,688 ",0.2847967
Portugal,111,PT,39.50%,92212,52000.0,8.5,351,Lisbon,48742.0,110.62,0.30%,EUR,1.38,34.60%,$1.54 ,106.20%,63.90%,3.1,Lisbon,81.3,8.0,$3.78 ,Portuguese,27.70%,5.12,10269417,58.80%,22.80%,39.80%,6.33%,6753579.0,39.399872,-8.224454,PRT,5.693,5.41,5.19500017166138,5.123,5.102,10.26374245,0.886590719,5.910900116,"$237,686,075,635 ",0.34592035
Qatar,248,QA,5.80%,11586,22000.0,9.54,974,Doha,103259.0,115.38,-0.70%,QAR,1.87,0.00%,$0.40 ,103.80%,17.90%,5.8,Doha,80.1,9.0,,Arabic,6.20%,2.49,2832067,86.80%,14.70%,11.30%,0.09%,2809071.0,25.354826,51.183884,QAT,6.374,6.374,6.375,6.375,6.611,,,,"$183,466,208,791 ",
Romania,84,RO,58.80%,238391,126000.0,9.6,40,Bucharest,69259.0,123.78,3.80%,RON,1.71,30.10%,$1.16 ,85.20%,49.40%,6.1,Bucharest,75.4,19.0,$2.25 ,Romanian,21.30%,2.98,19356544,54.70%,14.60%,20.00%,3.98%,10468793.0,45.943161,24.96676,ROU,6.07,5.945,5.82499980926514,5.528,5.124,10.107584,0.825161517,6.123700142,"$250,077,444,017 ",0.33853894
Russia,9,RU,13.30%,17098240,1454000.0,11.5,7,Moscow,1732027.0,180.75,4.50%,RUB,1.57,49.80%,$0.59 ,102.60%,81.90%,6.1,Moscow,72.7,17.0,$0.53 ,Russian,36.40%,4.01,144373535,61.80%,11.40%,46.20%,4.59%,107683889.0,61.52401,105.318756,RUS,5.648,5.81,5.96299982070923,5.856,5.716,10.12887192,0.903150737,5.546000004,"$1,699,876,578,871 ",0.3602981
Rwanda,525,RW,73.40%,26338,35000.0,31.7,250,Kigali,1115.0,151.09,3.40%,RWF,4.04,19.70%,$1.17 ,133.00%,6.70%,27.0,Kigali,68.7,248.0,,Swahili,26.00%,0.13,12626950,83.70%,14.30%,33.20%,1.03%,2186104.0,-1.940278,29.873888,RWA,3.334,3.408,3.47099995613098,3.515,3.465,7.600104332,0.54083544,3.312299967,"$10,122,472,590 ",0.43710047
Saint Kitts and Nevis,205,KN,23.10%,261,,12.6,1,Basseterre,238.0,104.57,-1.00%,XCD,2.11,42.30%,,108.70%,86.70%,9.8,Basseterre,71.3,,$3.33 ,English,56.60%,2.52,52823,,18.50%,49.70%,,16269.0,17.357822,-62.782998,KNA,,,,,,,,,"$1,050,992,593 ",
Saint Lucia,301,LC,17.40%,616,,12.0,1,Castries,414.0,110.13,1.90%,XCD,1.44,33.20%,$1.30 ,102.60%,14.10%,14.9,Castries,76.1,117.0,,English,48.40%,0.64,182790,67.10%,18.20%,34.70%,20.71%,34280.0,13.909444,-60.978893,LCA,,,,,,,,,"$2,122,450,630 ",0.5123682
Saint Vincent and the Grenadines,284,VC,25.60%,389,,14.24,1,Kingstown,220.0,109.67,2.30%,XCD,1.89,69.20%,,113.40%,23.70%,14.8,Calliaqua,72.4,68.0,$1.16 ,English,21.40%,0.66,100455,65.90%,25.40%,37.00%,18.88%,58185.0,12.984305,-61.287228,VCT,,,,,,,,,"$825,385,185 ",
Samoa,70,WS,12.40%,2831,,24.38,685,Apia,246.0,117.56,1.00%,WST,3.88,60.40%,$0.91 ,110.50%,7.60%,13.6,Apia,73.2,43.0,$0.78 ,Samoan,11.50%,0.34,202506,43.70%,25.50%,19.30%,8.36%,35588.0,-13.759029,-172.104629,WSM,,,,,,,,,"$850,655,017 ",0.38743454
San Marino,566,SM,16.70%,61,,6.8,378,City of San Marino,,110.63,1.00%,EUR,1.26,0.00%,,108.10%,42.50%,1.7,City of San Marino,85.4,,,Italian,18.30%,6.11,33860,,18.10%,36.20%,,32969.0,43.94236,12.457777,SMR,,,,,,,,,"$1,637,931,034 ",
Saudi Arabia,16,SA,80.80%,2149690,252000.0,17.8,966,Riyadh,563449.0,118.4,-1.20%,SAR,2.32,0.50%,$0.24 ,99.80%,68.00%,6.0,Riyadh,75.0,17.0,$3.85 ,Arabic,15.00%,2.61,34268528,55.90%,8.90%,15.70%,5.93%,28807838.0,23.885942,45.079162,SAU,6.375,6.371,6.3439998626709,6.379,6.411,10.79781246,0.874067068,6.406499863,"$792,966,838,162 ",
Senegal,87,SN,46.10%,196722,19000.0,34.52,221,Dakar,10902.0,109.25,1.80%,XOF,4.63,42.80%,$1.14 ,81.00%,12.80%,31.8,Pikine,67.7,315.0,$0.31 ,French,44.20%,0.07,16296364,45.70%,16.30%,44.80%,6.60%,7765706.0,14.497401,-14.452362,SEN,4.681,4.631,4.53499984741211,4.219,3.904,8.118982315,0.723616004,4.980800152,"$23,578,084,052 ",0.3615772
Serbia,100,RS,39.30%,77474,32000.0,9.2,381,Belgrade,45221.0,144.0,1.80%,RSD,1.49,31.10%,$1.16 ,100.30%,67.20%,4.8,Belgrade,75.5,12.0,$1.57 ,Serbian,40.60%,3.11,6944975,54.90%,18.60%,36.60%,12.69%,3907243.0,44.016521,21.005859,SRB,5.603,5.398,5.39499998092651,5.177,5.123,9.680980682,0.881475747,5.77820015,"$51,409,167,351 ",0.3313075
Seychelles,214,SC,3.40%,455,0.0,17.1,248,"Victoria, Seychelles",605.0,129.96,1.80%,SCR,2.41,88.40%,,100.40%,17.10%,12.4,"Victoria, Seychelles",72.8,53.0,$2.00 ,French,2.50%,0.95,97625,,34.10%,30.10%,,55762.0,-4.679574,55.491977,SYC,,,,,,,,,"$1,698,843,063 ",0.3212532
Sierra Leone,111,SL,54.70%,71740,9000.0,33.41,232,Freetown,1093.0,234.16,14.80%,SLL,4.26,43.10%,$1.08 ,112.80%,2.00%,78.5,Freetown,54.3,1120.0,$0.57 ,English,38.20%,0.03,7813215,57.90%,8.60%,30.70%,4.43%,3319366.0,8.460555,-11.779889,SLE,4.374,4.571,4.70900011062622,4.635,4.507,7.26880312,0.636142015,3.926399946,"$3,941,474,311 ",0.35690176
Singapore,8358,SG,0.90%,716,81000.0,8.8,65,,37535.0,114.41,0.60%,SGD,1.14,23.10%,$1.25 ,100.60%,84.80%,2.3,,83.1,8.0,,Malay,36.70%,2.29,5703569,70.50%,13.10%,21.00%,4.11%,5703569.0,1.352083,103.819836,SGP,6.262,6.343,6.57200002670288,6.739,6.798,11.39552116,0.910268962,6.377099991,"$372,062,527,489 ",
Slovakia,114,SK,39.20%,49035,16000.0,10.6,421,Bratislava,32424.0,115.34,2.70%,EUR,1.52,40.40%,$1.32 ,98.70%,46.60%,4.6,Bratislava,77.2,5.0,$3.11 ,Slovak,18.40%,3.42,5454073,59.50%,18.70%,49.70%,5.56%,2930419.0,48.669026,19.699024,SVK,6.198,6.173,6.09800004959106,6.078,5.995,10.34774971,0.922493756,6.280600071,"$105,422,304,976 ",0.24110264
Slovenia,103,SI,30.70%,20273,7000.0,9.4,386,Ljubljana,12633.0,111.05,1.60%,EUR,1.6,62.00%,$1.32 ,100.40%,78.60%,1.7,Ljubljana,81.0,7.0,$5.25 ,Slovene language,12.50%,3.09,2087946,58.40%,18.60%,31.00%,4.20%,1144654.0,46.151241,14.995463,SVN,6.118,5.948,5.75799989700317,5.768,5.848,10.39232254,0.939575672,6.363399982,"$53,742,159,517 ",0.2428228
Solomon Islands,25,SB,3.90%,28896,,32.44,677,Honiara,169.0,133.06,1.60%,SBD,4.4,77.90%,,106.20%,,17.1,Honiara,72.8,104.0,$0.40 ,English,3.30%,0.19,669823,83.80%,29.50%,32.00%,0.58%,162164.0,-9.64571,160.156194,SLB,,,,,,,,,"$1,425,074,226 ",0.37054926
Somalia,25,SO,70.30%,637657,20000.0,41.75,252,Mogadishu,645.0,,,SOS,6.07,10.00%,$1.41 ,23.40%,2.50%,76.6,Bosaso,57.1,829.0,,Arabic,,0.02,15442905,47.40%,0.00%,,11.35%,7034861.0,5.152149,46.199616,SOM,4.668,4.982,5.15100002288818,5.44,5.44,7.467963696,,4.668,"$4,720,727,278 ",
South Africa,49,ZA,79.80%,1219090,80000.0,20.51,27,Pretoria,476644.0,158.93,4.10%,ZAR,2.41,7.60%,$0.92 ,100.90%,22.40%,28.5,Johannesburg,63.9,119.0,,Afrikaans,7.70%,0.91,58558270,56.00%,27.50%,29.20%,28.18%,39149717.0,-30.559482,22.937506,ZAF,4.722,4.724,4.8289999961853,4.459,4.642,9.403370857,0.852532268,4.814099789,"$351,431,649,241 ",0.6302607
South Korea,527,KR,17.40%,99720,634000.0,6.4,82,Seoul,620302.0,115.16,0.40%,KRW,0.98,63.40%,$1.22 ,98.10%,94.30%,2.7,Seoul,82.6,11.0,$6.49 ,Korean,36.80%,2.36,51709098,63.00%,15.60%,33.20%,4.15%,42106719.0,35.907757,127.766922,5.895,5.895,5.875,5.83799982070923,5.835,5.984,10.51056671,0.799387157,5.872399807,"$2,029,000,000,000 ",0.31404856
South Sudan,18,SS,,644329,185000.0,35.01,211,Juba,1727.0,4583.71,187.90%,SSP,4.7,,$0.28 ,73.00%,,63.7,Juba,57.6,1150.0,,English,61.30%,,11062113,72.40%,,31.40%,12.24%,2201250.0,6.8769919,31.3069788,SSD,2.853,3.254,3.59100008010864,3.832,3.832,7.425359726,0.553707123,2.816600084,"$11,997,800,751 ",0.44144127
Spain,94,ES,52.60%,505370,196000.0,7.9,34,Madrid,244002.0,110.96,0.70%,EUR,1.26,36.90%,$1.26 ,102.70%,88.90%,2.5,Madrid,83.3,4.0,$5.60 ,Spanish,24.20%,3.87,47076781,57.50%,14.20%,47.00%,13.96%,37927409.0,40.463667,-3.74922,ESP,6.354,6.31,6.40299987792969,6.361,6.329,10.46292686,0.921125412,6.400899887,"$1,394,116,310,769 ",0.33887583
Sri Lanka,341,LK,43.70%,65610,317000.0,15.83,94,Colombo,23362.0,155.53,3.50%,LKR,2.2,32.90%,$0.88 ,100.20%,19.60%,6.4,Colombo,76.8,36.0,$0.35 ,Tamil,38.40%,1.0,21803000,53.90%,11.90%,55.20%,4.20%,4052088.0,7.873054,80.771797,LKA,4.366,4.471,4.44000005722046,4.415,4.271,9.389969826,0.825374067,4.327000141,"$84,008,783,756 ",0.37663776
Sudan,25,SD,28.70%,1861484,124000.0,32.18,249,Khartoum,20000.0,1344.19,51.00%,SDG,4.41,8.10%,$0.95 ,76.80%,16.90%,42.1,Omdurman,65.1,295.0,$0.41 ,Arabic,63.20%,0.26,42813238,48.40%,8.00%,45.40%,16.53%,14957233.0,12.862807,30.217636,SDN,4.139,4.139,4.13899993896484,4.139,4.55,7.467963696,,4.139,"$18,902,284,476 ",0.34243196
Suriname,4,SR,0.60%,163820,2000.0,18.54,597,Paramaribo,1738.0,294.66,22.00%,SRD,2.42,98.30%,$1.29 ,108.80%,12.60%,16.9,Paramaribo,71.6,120.0,,Dutch,10.10%,1.21,581372,51.10%,19.50%,27.90%,7.33%,384258.0,3.919305,-56.027783,SUR,6.269,6.269,6.269,6.269,6.269,9.56643486,,6.269,"$3,985,250,737 ",0.39179897
Sweden,25,SE,7.40%,450295,30000.0,11.4,46,Stockholm,43252.0,110.51,1.80%,SEK,1.76,68.90%,$1.42 ,126.60%,67.00%,2.2,S�����,82.5,4.0,,Swedish,15.20%,3.98,10285453,64.60%,27.90%,49.10%,6.48%,9021165.0,60.128161,18.643501,SWE,7.343,7.314,7.28399991989136,7.291,7.364,10.75879383,0.926311195,7.353499889,"$530,832,908,738 ",0.29767442
Switzerland,219,CH,38.40%,41277,21000.0,10.0,41,Bern,34477.0,99.55,0.40%,CHF,1.52,31.80%,$1.45 ,105.20%,59.60%,3.7,Z���,83.6,5.0,,German,28.30%,4.3,8574832,68.30%,10.10%,28.80%,4.58%,6332428.0,46.818188,8.227512,CHE,7.48,7.487,7.49399995803833,7.509,7.587,10.97993279,0.942846596,7.559899807,"$703,082,435,360 ",0.33737928
Syria,95,SY,75.80%,185180,239000.0,23.69,963,Damascus,28830.0,143.2,36.70%,SYP,2.81,2.70%,$0.83 ,81.70%,40.10%,14.0,Damascus,71.8,31.0,$1.02 ,Arabic,53.70%,1.22,17070135,44.10%,14.20%,42.70%,8.37%,9358019.0,34.802075,38.996815,SYR,3.462,3.462,3.46199989318848,3.069,3.006,,,3.462,"$40,405,006,007 ",0.26628095
Tajikistan,68,TJ,34.10%,144100,17000.0,30.76,992,Dushanbe,5310.0,148.57,6.00%,TJS,3.59,3.00%,$0.71 ,100.90%,31.30%,30.4,Dushanbe,70.9,17.0,$0.23 ,Persian,63.10%,1.7,9321018,42.00%,9.80%,67.30%,11.02%,2545477.0,38.861034,71.276093,TJK,5.467,5.199,5.04099988937378,4.996,4.786,8.024810791,0.835297108,5.555699825,"$8,116,626,794 ",0.33995718
Tanzania,67,TZ,44.80%,947300,28000.0,36.7,255,Dodoma,11973.0,187.43,3.50%,TZS,4.89,51.60%,$0.87 ,94.20%,4.00%,37.6,Dar es Salaam,65.0,524.0,$0.09 ,Swahili,26.10%,0.01,58005463,83.40%,11.50%,43.80%,1.98%,20011885.0,-6.369028,34.888822,TZA,3.231,3.303,3.34899997711182,3.666,3.781,7.967665195,0.688933194,3.476200104,"$63,177,068,175 ",0.4049123
Thailand,137,TH,43.30%,513120,455000.0,10.34,66,Bangkok,283763.0,113.27,0.70%,THB,1.53,32.20%,$0.71 ,99.80%,49.30%,7.8,Bangkok,76.9,37.0,$1.06 ,Thai,11.80%,0.81,69625582,67.30%,14.90%,29.50%,0.75%,35294600.0,15.870032,100.992541,THA,6.008,6.072,6.42399978637695,6.474,6.455,9.741791725,0.889973223,5.998799801,"$543,649,976,166 ",0.34923872
East Timor,89,TL,25.60%,14874,2000.0,29.42,670,Dili,495.0,145.38,2.60%,USD,4.02,45.40%,$1.10 ,115.30%,17.80%,39.3,Dili,69.3,142.0,$0.60 ,Portuguese,10.20%,0.72,3500000,67.30%,25.00%,17.30%,4.55%,400182.0,-8.874217,125.727539,TLS,,,,,,,,,"$1,673,540,300 ",0.28652927
Togo,152,TG,70.20%,56785,10000.0,33.11,228,Lom�,3000.0,113.3,0.70%,XOF,4.32,3.10%,$0.71 ,123.80%,14.50%,47.4,Lom�,60.8,396.0,$0.34 ,French,51.00%,0.08,8082366,77.60%,16.90%,48.20%,2.04%,3414638.0,8.619543,0.824782,TGO,4.085,3.999,3.49499988555908,3.303,2.839,7.357711315,0.551312625,4.187200069,"$5,459,979,417 ",0.37858006
Tonga,147,TO,45.80%,747,,24.3,676,Nuku����,128.0,121.09,7.40%,TOP,3.56,12.50%,,116.30%,6.40%,13.4,Nuku����,70.8,52.0,,Tongan Language,10.20%,0.52,100209,59.80%,22.30%,27.50%,1.12%,24145.0,-21.178986,-175.198242,TON,,,,,,,,,"$450,353,314 ",0.27095765
Trinidad and Tobago,273,TT,10.50%,5128,4000.0,12.94,1,Port of Spain,43868.0,141.75,1.00%,TTD,1.73,46.00%,$0.54 ,106.20%,12.00%,16.4,Chaguanas,73.4,67.0,$2.25 ,English,37.30%,4.17,1394973,60.00%,19.50%,40.50%,2.69%,741944.0,10.691803,-61.222503,TTO,,,6.16800022125244,6.168,6.168,10.26000214,0.91529417,6.191899776,"$24,100,202,834 ",0.4027297
Tunisia,76,TN,64.80%,163610,48000.0,17.56,216,Tunis,29937.0,155.33,6.70%,TND,2.2,6.80%,$0.73 ,115.40%,31.70%,14.6,Tunis,76.5,43.0,$0.47 ,Arabic,39.80%,1.3,11694719,46.10%,21.10%,60.70%,16.02%,8099061.0,33.886917,9.537499,TUN,4.461,4.592,4.80499982833862,5.045,4.739,9.314972878,0.688718557,4.392199993,"$38,797,709,924 ",0.33716425
Turkey,110,TR,49.80%,783562,512000.0,16.03,90,Ankara,372725.0,234.44,15.20%,TRY,2.07,15.40%,$1.42 ,93.20%,23.90%,9.1,Istanbul,77.4,17.0,$3.45 ,Turkish,16.90%,1.85,83429615,52.80%,17.90%,42.30%,13.49%,63097818.0,38.963745,35.243322,TUR,5.373,5.483,5.5,5.389,5.332,10.12941933,0.826313555,5.131800175,"$754,411,708,203 ",0.4436487
Turkmenistan,13,TM,72.00%,488100,42000.0,23.83,993,Ashgabat,70630.0,,,TMT,2.79,8.80%,$0.29 ,88.40%,8.00%,39.3,Ashgabat,68.1,7.0,$0.88 ,Turkmen,71.10%,2.22,5942089,64.50%,,,3.91%,3092738.0,38.969719,59.556278,TKM,5.247,5.636,5.82200002670288,5.658,5.548,9.74803257,0.958966196,5.119100094,"$40,761,142,857 ",0.40806928
Tuvalu,393,TV,60.00%,26,,,688,Funafuti,11.0,,,AUD,,33.30%,,86.00%,,20.6,Singapore,,,,Tuvaluan Language,0.70%,0.92,11646,,,,,7362.0,-7.109535,177.64933,TUV,,,,,,,,,"$47,271,463 ",0.39139032
Uganda,229,UG,71.90%,241038,46000.0,38.14,256,Kampala,5680.0,173.87,2.90%,UGX,4.96,9.70%,$0.94 ,102.70%,4.80%,33.8,Buganda,63.0,375.0,$0.01 ,Swahili,40.50%,0.17,44269594,70.30%,11.70%,33.70%,1.84%,10784516.0,1.373333,32.290275,UGA,4.189,4.161,4.08099985122681,3.739,3.931,7.500389576,0.764994621,4.43200016,"$34,387,229,486 ",0.42705452
Ukraine,75,UA,71.70%,603550,297000.0,8.7,380,Kyiv,202250.0,281.66,7.90%,UAH,1.3,16.70%,$0.83 ,99.00%,82.70%,7.5,Kyiv,71.6,19.0,$0.84 ,Ukrainian,47.80%,2.99,44385155,54.20%,20.10%,45.20%,8.88%,30835699.0,48.379433,31.16558,UKR,4.332,4.103,4.09600019454956,4.324,4.681,9.010690689,0.878879368,4.56069994,"$153,781,069,118 ",0.25627363
United Arab Emirates,118,AE,5.50%,83600,63000.0,10.33,971,Abu Dhabi,206324.0,114.52,-1.90%,AED,1.41,4.60%,$0.49 ,108.40%,36.80%,6.5,Dubai,77.8,3.0,,Arabic,17.80%,2.53,9770529,82.10%,0.10%,15.90%,2.35%,8479744.0,23.424076,53.847818,ARE,6.825,6.774,6.64799976348877,6.573,6.901,11.1099987,0.849181116,6.790800095,"$421,142,267,938 ",0.3251042
United Kingdom,281,GB,71.70%,243610,148000.0,11.0,44,London,379025.0,119.62,1.70%,GBP,1.68,13.10%,$1.46 ,101.20%,60.00%,3.6,London,81.3,7.0,$10.13 ,English,14.80%,2.81,66834405,62.80%,25.50%,30.60%,3.85%,55908316.0,55.378051,-3.435973,GBR,7.054,7.19,6.71400022506714,6.725,6.867,10.60013485,0.93668282,7.164500237,"$2,827,113,184,696 ",0.32415864
United States,36,US,44.40%,9833517,1359000.0,11.6,1,"Washington, D.C.",5006302.0,117.24,7.50%,USD,1.73,33.90%,$0.71 ,101.80%,88.20%,5.6,New York City,78.5,19.0,$7.25 ,,11.10%,2.61,328239523,62.00%,9.60%,36.60%,14.70%,270663028.0,37.09024,-95.712891,USA,6.892,6.886,6.99300003051758,7.104,7.119,10.92576885,0.914219022,6.939599991,"$21,427,700,000,000 ",0.39751095
Uruguay,20,UY,82.60%,176215,22000.0,13.86,598,Montevideo,6766.0,202.92,7.90%,UYU,1.97,10.70%,$1.50 ,108.50%,63.10%,6.4,Montevideo,77.8,17.0,$1.66 ,Spanish,16.20%,5.05,3461734,64.00%,20.10%,41.80%,8.73%,3303394.0,-32.522779,-55.765835,URY,6.293,6.379,6.4539999961853,6.545,6.485,9.948192596,0.92281127,6.440100193,"$56,045,912,952 ",0.40551895
Uzbekistan,79,UZ,62.90%,447400,68000.0,23.3,998,Tashkent,91811.0,,,UZS,2.42,7.50%,$1.03 ,104.20%,10.10%,19.1,Tashkent,71.6,29.0,$0.24 ,Uzbek,42.70%,2.37,33580650,65.10%,14.80%,31.60%,5.92%,16935729.0,41.377491,64.585262,UZB,6.174,6.096,5.97100019454956,5.987,6.003,8.740371704,0.926595807,6.257599831,"$57,921,286,440 ",0.31184828
Vanuatu,25,VU,15.30%,12189,,29.6,678,Port Vila,147.0,117.13,2.80%,VUV,3.78,36.10%,$1.31 ,109.30%,4.70%,22.3,Port Vila,70.3,72.0,$1.56 ,French,8.90%,0.17,299882,69.90%,17.80%,8.50%,4.39%,76152.0,-15.376706,166.959158,VUT,,,,,,,,,"$917,058,851 ",0.32317576
Venezuela,32,VE,24.50%,912050,343000.0,17.88,58,Caracas,164175.0,2740.27,254.90%,VED,2.27,52.70%,$0.00 ,97.20%,79.30%,21.4,Caracas,72.1,125.0,$0.01 ,Spanish,45.80%,1.92,28515829,59.70%,,73.30%,8.80%,25162368.0,6.42375,-66.58973,VEN,4.707,4.806,5.25,6.084,6.81,8.977793694,0.890408158,5.053199768,"$482,359,318,768 ",0.44770497
Vietnam,314,VN,39.30%,331210,522000.0,16.75,84,Hanoi,192668.0,163.52,2.80%,VND,2.05,48.10%,$0.80 ,110.60%,28.50%,16.5,Ho Chi Minh City,75.3,43.0,$0.73 ,Vietnamese,43.50%,0.82,96462106,77.40%,19.10%,37.60%,2.01%,35332140.0,14.058324,108.277199,VNM,5.175,5.103,5.07399988174438,5.061,5.36,8.809545517,0.849987149,5.353499889,"$261,921,244,843 ",0.36093006
Yemen,56,YE,44.60%,527968,40000.0,30.45,967,Sanaa,10609.0,157.58,8.10%,YER,3.79,1.00%,$0.92 ,93.60%,10.20%,42.9,Sanaa,66.1,164.0,,Arabic,81.00%,0.31,29161922,38.00%,,26.60%,12.91%,10869523.0,15.552727,48.516388,YEM,3.38,3.355,3.59299993515015,3.724,4.077,7.759682655,0.817980587,3.527400017,"$26,914,402,224 ",0.36707094
Zambia,25,ZM,32.10%,752618,16000.0,36.19,260,Lusaka,5141.0,212.31,9.20%,ZMW,4.63,65.20%,$1.40 ,98.70%,4.10%,40.4,Lusaka,63.5,213.0,$0.24 ,English,27.50%,1.19,17861030,74.60%,16.20%,15.60%,11.43%,7871713.0,-13.133897,27.849332,ZMB,4.107,4.377,4.51399993896484,4.795,5.129,8.224720001,0.698824465,3.759399891,"$23,064,722,446 ",0.5152004
Zimbabwe,38,ZW,41.90%,390757,51000.0,30.68,263,Harare,10983.0,105.51,0.90%,,3.62,35.50%,$1.34 ,109.90%,10.00%,33.9,Harare,61.2,458.0,,Shona,25.80%,0.21,14645468,83.10%,20.70%,31.60%,4.95%,4717305.0,-19.015438,29.154857,ZWE,3.663,3.692,3.875,4.193,4.61,7.865711689,0.763092756,3.299200058,"$21,440,758,800 ",0.5025645
